Query,Run 1,Run 2,Run 3,Average,Standard Deviation
1,32126.277208,31432.359934,31619.685888,31.726108,0.293115
2,4499.118090,4481.725931,4533.555031,4.504800,0.021537
