Query,Run 1,Run 2,Run 3,Average,Standard Deviation
1,57980.849981,58012.613058,58296.547174,58.096670,0.141928
2,12211.815834,12043.066978,12286.451817,12.180445,0.101807
3,40120.887995,39060.273886,39463.282108,39.548148,0.437133
4,34697.820902,34134.912968,34724.059820,34.518931,0.271753
5,42747.956038,35828.750134,31954.992771,36.843900,4.464296
6,43458.608866,43306.056976,43334.588051,43.366418,0.066221
7,42699.157953,43282.881975,48188.856125,44.723632,2.461844
8,2945.767164,55708.471060,2174.534798,20.276258,25.056337
